Klevcov0,Klevcov0
Klevcov1,Klevcov1
Klevcov2,Klevcov2
Klevcov3,Klevcov3
Klevcov4,Klevcov4
Klevcov5,Klevcov5
Klevcov6,Klevcov6
Klevcov7,Klevcov7
Klevcov8,Klevcov8
Klevcov9,Klevcov9
Klevcov10,Klevcov10
Klevcov11,Klevcov11
Klevcov12,Klevcov12
Klevcov13,Klevcov13
Klevcov14,Klevcov14
Klevcov15,Klevcov15
Klevcov16,Klevcov16
Klevcov17,Klevcov17
Klevcov18,Klevcov18
Klevcov19,Klevcov19
Klevcov20,Klevcov20
Klevcov21,Klevcov21
Klevcov22,Klevcov22
Klevcov23,Klevcov23
Klevcov24,Klevcov24
Klevcov25,Klevcov25
Klevcov26,Klevcov26
Klevcov27,Klevcov27
Klevcov28,Klevcov28
Klevcov29,Klevcov29
Klevcov30,Klevcov30
Klevcov31,Klevcov31
Klevcov32,Klevcov32
Klevcov33,Klevcov33
Klevcov34,Klevcov34
Klevcov35,Klevcov35
Klevcov36,Klevcov36
Klevcov37,Klevcov37
Klevcov38,Klevcov38
Klevcov39,Klevcov39
Klevcov40,Klevcov40
Klevcov41,Klevcov41
Klevcov42,Klevcov42
Klevcov43,Klevcov43
Klevcov44,Klevcov44
Klevcov45,Klevcov45
Klevcov46,Klevcov46
Klevcov47,Klevcov47
Klevcov48,Klevcov48
Klevcov49,Klevcov49
Klevcov50,Klevcov50
Klevcov51,Klevcov51
Klevcov52,Klevcov52
Klevcov53,Klevcov53
Klevcov54,Klevcov54
Klevcov55,Klevcov55
Klevcov56,Klevcov56
Klevcov57,Klevcov57
Klevcov58,Klevcov58
Klevcov59,Klevcov59
Klevcov60,Klevcov60
Klevcov61,Klevcov61
Klevcov62,Klevcov62
Klevcov63,Klevcov63
Klevcov64,Klevcov64
Klevcov65,Klevcov65
Klevcov66,Klevcov66
Klevcov67,Klevcov67
Klevcov68,Klevcov68
Klevcov69,Klevcov69
Klevcov70,Klevcov70
Klevcov71,Klevcov71
Klevcov72,Klevcov72
Klevcov73,Klevcov73
Klevcov74,Klevcov74
Klevcov75,Klevcov75
Klevcov76,Klevcov76
Klevcov77,Klevcov77
Klevcov78,Klevcov78
Klevcov79,Klevcov79
Klevcov80,Klevcov80
Klevcov81,Klevcov81
Klevcov82,Klevcov82
Klevcov83,Klevcov83
Klevcov84,Klevcov84
Klevcov85,Klevcov85
Klevcov86,Klevcov86
Klevcov87,Klevcov87
Klevcov88,Klevcov88
Klevcov89,Klevcov89
Klevcov90,Klevcov90
Klevcov91,Klevcov91
Klevcov92,Klevcov92
Klevcov93,Klevcov93
Klevcov94,Klevcov94
Klevcov95,Klevcov95
Klevcov96,Klevcov96
Klevcov97,Klevcov97
Klevcov98,Klevcov98
Klevcov99,Klevcov99
